code,system
A788300,readv2
AyuC.00,readv2
A788400,readv2
A788100,readv2
B20-B24,readv2
AyuC600,readv2
A789600,readv2
A788500,readv2
A788600,readv2
A788X00,readv2
AyuC400,readv2
AyuC100,readv2
A788y00,readv2
A789.00,readv2
A789X00,readv2
A788W00,readv2
A789800,readv2
A788U00,readv2
AyuCB00,readv2
A789300,readv2
A789200,readv2
A789500,readv2
A789900,readv2
A789A00,readv2
A789100,readv2
A789000,readv2
AyuCD00,readv2
AyuCC00,readv2
A788.00,readv2
A788z00,readv2
A788200,readv2
799MD,readv2
L7990A,readv2
AyuC300,readv2
A789400,readv2